Workbook

Sheet 計算入力
A1: 固定資産税・都市計画税 日割清算表
A2: ★ 黄色のセルに数値を入力してください
A4: 物件名
A5: 引渡日
A7: 【自動計算】
A8: 年間日数 | B8: =IF(B5="","",IF(MOD(YEAR(B5),400)=0,366,IF(MOD(YEAR(B5),100)=0,365,IF(MOD(YEAR(B5),4)=0,366,365)))) | C8: 日
A9: 売主負担日数 | B9: =IF(B5="","",B5-DATE(YEAR(B5),1,1)) | C9: 日
A10: 買主負担日数 | B10: =IF(B5="","",B8-B9) | C10: 日
A11: 売主負担期間 | B11: =IF(B5="","",IF(B9=0,"負担なし","1月1日〜"&TEXT(B5-1,"m月d日")&"（"&B9&"日間）"))
A12: 買主負担期間 | B12: =IF(B5="","",TEXT(B5,"m月d日")&"〜12月31日（"&B10&"日間）")
A14: ※ F〜K列は自動計算です。入力不要です。
A15: ◆ 土地（最大3件）
A16: 名称 | B16: 固定資産税 年額（円） | C16: 都市計画税 年額（円） | D16: 持分 分子 | E16: 持分 分母 | F16: 按分後 固定資産税 | G16: 按分後 都市計画税 | H16: 売主負担 固定 | I16: 売主負担 都計 | J16: 買主負担 固定 | K16: 買主負担 都計
A17: 土地① | F17: =IF(B17="","",IF(AND(D17>0,E17>0),ROUND(B17*D17/E17,0),B17)) | G17: =IF(C17="","",IF(AND(D17>0,E17>0),ROUND(C17*D17/E17,0),C17)) | H17: =IF(F17="","",ROUND(F17*B9/B8,0)) | I17: =IF(G17="","",ROUND(G17*B9/B8,0)) | J17: =IF(F17="","",F17-H17) | K17: =IF(G17="","",G17-I17)
A18: 土地② | F18: =IF(B18="","",IF(AND(D18>0,E18>0),ROUND(B18*D18/E18,0),B18)) | G18: =IF(C18="","",IF(AND(D18>0,E18>0),ROUND(C18*D18/E18,0),C18)) | H18: =IF(F18="","",ROUND(F18*B9/B8,0)) | I18: =IF(G18="","",ROUND(G18*B9/B8,0)) | J18: =IF(F18="","",F18-H18) | K18: =IF(G18="","",G18-I18)
A19: 土地③ | F19: =IF(B19="","",IF(AND(D19>0,E19>0),ROUND(B19*D19/E19,0),B19)) | G19: =IF(C19="","",IF(AND(D19>0,E19>0),ROUND(C19*D19/E19,0),C19)) | H19: =IF(F19="","",ROUND(F19*B9/B8,0)) | I19: =IF(G19="","",ROUND(G19*B9/B8,0)) | J19: =IF(F19="","",F19-H19) | K19: =IF(G19="","",G19-I19)
A20: 土地 小計 | F20: =SUM(F17:F19) -> 0 | G20: =SUM(G17:G19) -> 0 | H20: =SUM(H17:H19) -> 0 | I20: =SUM(I17:I19) -> 0 | J20: =SUM(J17:J19) -> 0 | K20: =SUM(K17:K19) -> 0
A22: ◆ 建物（最大3件）
A23: 名称 | B23: 固定資産税 年額（円） | C23: 都市計画税 年額（円） | D23: （持分なし） | E23: （持分なし） | F23: 按分後 固定資産税 | G23: 按分後 都市計画税 | H23: 売主負担 固定 | I23: 売主負担 都計 | J23: 買主負担 固定 | K23: 買主負担 都計
A24: 建物① | D24: — | E24: — | F24: =IF(B24="","",B24) | G24: =IF(C24="","",C24) | H24: =IF(F24="","",ROUND(F24*B9/B8,0)) | I24: =IF(G24="","",ROUND(G24*B9/B8,0)) | J24: =IF(F24="","",F24-H24) | K24: =IF(G24="","",G24-I24)
A25: 建物② | D25: — | E25: — | F25: =IF(B25="","",B25) | G25: =IF(C25="","",C25) | H25: =IF(F25="","",ROUND(F25*B9/B8,0)) | I25: =IF(G25="","",ROUND(G25*B9/B8,0)) | J25: =IF(F25="","",F25-H25) | K25: =IF(G25="","",G25-I25)
A26: 建物③ | D26: — | E26: — | F26: =IF(B26="","",B26) | G26: =IF(C26="","",C26) | H26: =IF(F26="","",ROUND(F26*B9/B8,0)) | I26: =IF(G26="","",ROUND(G26*B9/B8,0)) | J26: =IF(F26="","",F26-H26) | K26: =IF(G26="","",G26-I26)
A27: 建物 小計 | F27: =SUM(F24:F26) -> 0 | G27: =SUM(G24:G26) -> 0 | H27: =SUM(H24:H26) -> 0 | I27: =SUM(I24:I26) -> 0 | J27: =SUM(J24:J26) -> 0 | K27: =SUM(K24:K26) -> 0
A29: ◆ 精算合計（土地＋建物）
F30: 按分後年税額 | G30: 按分後年税額 | H30: 売主負担 固定 | I30: 売主負担 都計 | J30: 買主負担 固定 | K30: 買主負担 都計
A31: 売主負担合計 | F31: =F20+F27 -> 0 | G31: =G20+G27 -> 0 | H31: =H20+H27 -> 0 | I31: =I20+I27 -> 0
A32: 買主負担合計 | J32: =J20+J27 -> 0 | K32: =K20+K27 -> 0
A34: 精算金（買主→売主） | J34: =J32+K32 -> 0 | K34: 円
A36: 【計算条件】起算日：1月1日 引渡日の負担：買主負担 端数処理：四捨五入

Sheet 売主様控え
A1: 固定資産税・都市計画税 精算書
A2: 売主様 控え
A4: 物件名 | B4: =計算入力!B4
A5: 引渡日 | B5: =計算入力!B5 | C5: 対象年度 | D5: =YEAR(計算入力!B5)&"年度" -> #VALUE!
A6: 年間日数 | B6: =計算入力!B8 | C6: 売主負担日数 | D6: =計算入力!B8
A7: 売主負担期間 | B7: =計算入力!B11
A8: 買主負担期間 | B8: =計算入力!B12
A10: 精算内訳
A11: 区分 | B11: 負担期間 | C11: 固定資産税（円） | D11: 都市計画税（円） | E11: 合計（円）
A13: 年税額 | B13: — | C13: =計算入力!F17 | D13: =計算入力!G17 | E13: =計算入力!F17+計算入力!G17 -> #VALUE!
A14: 売主負担 | B14: =計算入力!B11 | C14: =計算入力!H17 | D14: =計算入力!I17 | E14: =計算入力!H17+計算入力!I17 -> #VALUE!
A15: 買主負担 | B15: =計算入力!B12 | C15: =計算入力!J17 | D15: =計算入力!K17 | E15: =計算入力!J17+計算入力!K17 -> #VALUE!
A17: 年税額 | B17: — | C17: =計算入力!F18 | D17: =計算入力!G18 | E17: =計算入力!F18+計算入力!G18 -> #VALUE!
A18: 売主負担 | B18: =計算入力!B11 | C18: =計算入力!H18 | D18: =計算入力!I18 | E18: =計算入力!H18+計算入力!I18 -> #VALUE!
A19: 買主負担 | B19: =計算入力!B12 | C19: =計算入力!J18 | D19: =計算入力!K18 | E19: =計算入力!J18+計算入力!K18 -> #VALUE!
A21: 年税額 | B21: — | C21: =計算入力!F19 | D21: =計算入力!G19 | E21: =計算入力!F19+計算入力!G19 -> #VALUE!
A22: 売主負担 | B22: =計算入力!B11 | C22: =計算入力!H19 | D22: =計算入力!I19 | E22: =計算入力!H19+計算入力!I19 -> #VALUE!
A23: 買主負担 | B23: =計算入力!B12 | C23: =計算入力!J19 | D23: =計算入力!K19 | E23: =計算入力!J19+計算入力!K19 -> #VALUE!
A24: =" ◆ "&計算入力!A24 -> ◆ 建物①
A25: 年税額 | B25: — | C25: =計算入力!F24 | D25: =計算入力!G24 | E25: =計算入力!F24+計算入力!G24 -> #VALUE!
A26: 売主負担 | B26: =計算入力!B11 | C26: =計算入力!H24 | D26: =計算入力!I24 | E26: =計算入力!H24+計算入力!I24 -> #VALUE!
A27: 買主負担 | B27: =計算入力!B12 | C27: =計算入力!J24 | D27: =計算入力!K24 | E27: =計算入力!J24+計算入力!K24 -> #VALUE!
A28: =" ◆ "&計算入力!A25 -> ◆ 建物②
A29: 年税額 | B29: — | C29: =計算入力!F25 | D29: =計算入力!G25 | E29: =計算入力!F25+計算入力!G25 -> #VALUE!
A30: 売主負担 | B30: =計算入力!B11 | C30: =計算入力!H25 | D30: =計算入力!I25 | E30: =計算入力!H25+計算入力!I25 -> #VALUE!
A31: 買主負担 | B31: =計算入力!B12 | C31: =計算入力!J25 | D31: =計算入力!K25 | E31: =計算入力!J25+計算入力!K25 -> #VALUE!
A32: =" ◆ "&計算入力!A26 -> ◆ 建物③
A33: 年税額 | B33: — | C33: =計算入力!F26 | D33: =計算入力!G26 | E33: =計算入力!F26+計算入力!G26 -> #VALUE!
A34: 売主負担 | B34: =計算入力!B11 | C34: =計算入力!H26 | D34: =計算入力!I26 | E34: =計算入力!H26+計算入力!I26 -> #VALUE!
A35: 買主負担 | B35: =計算入力!B12 | C35: =計算入力!J26 | D35: =計算入力!K26 | E35: =計算入力!J26+計算入力!K26 -> #VALUE!
A37: 精算合計（土地＋建物）
A38: 売主負担合計 | B38: ← ご受取額 | C38: =計算入力!H20+計算入力!H27 -> 0 | D38: =計算入力!I20+計算入力!I27 -> 0 | E38: =計算入力!H20+計算入力!H27+計算入力!I20+計算入力!I27 -> 0
A39: 買主負担合計 | B39: 買主のお支払額 | C39: =計算入力!J20+計算入力!J27 -> 0 | D39: =計算入力!K20+計算入力!K27 -> 0 | E39: =計算入力!J20+計算入力!J27+計算入力!K20+計算入力!K27 -> 0
A41: 精算金（受取） | E41: =計算入力!J20+計算入力!J27+計算入力!K20+計算入力!K27 -> 0
A43: 起算日：1月1日 ｜ 引渡日の負担：買主負担 ｜ 端数処理：四捨五入

Sheet 買主様控え
A1: 固定資産税・都市計画税 精算書
A2: 買主様 控え
A4: 物件名 | B4: =計算入力!B4
A5: 引渡日 | B5: =計算入力!B5 | C5: 対象年度 | D5: =YEAR(計算入力!B5)&"年度" -> #VALUE!
A6: 年間日数 | B6: =計算入力!B8 | C6: 売主負担日数 | D6: =計算入力!B8
A7: 売主負担期間 | B7: =計算入力!B11
A8: 買主負担期間 | B8: =計算入力!B12
A10: 精算内訳
A11: 区分 | B11: 負担期間 | C11: 固定資産税（円） | D11: 都市計画税（円） | E11: 合計（円）
A13: 年税額 | B13: — | C13: =計算入力!F17 | D13: =計算入力!G17 | E13: =計算入力!F17+計算入力!G17 -> #VALUE!
A14: 売主負担 | B14: =計算入力!B11 | C14: =計算入力!H17 | D14: =計算入力!I17 | E14: =計算入力!H17+計算入力!I17 -> #VALUE!
A15: 買主負担 | B15: =計算入力!B12 | C15: =計算入力!J17 | D15: =計算入力!K17 | E15: =計算入力!J17+計算入力!K17 -> #VALUE!
A17: 年税額 | B17: — | C17: =計算入力!F18 | D17: =計算入力!G18 | E17: =計算入力!F18+計算入力!G18 -> #VALUE!
A18: 売主負担 | B18: =計算入力!B11 | C18: =計算入力!H18 | D18: =計算入力!I18 | E18: =計算入力!H18+計算入力!I18 -> #VALUE!
A19: 買主負担 | B19: =計算入力!B12 | C19: =計算入力!J18 | D19: =計算入力!K18 | E19: =計算入力!J18+計算入力!K18 -> #VALUE!
A21: 年税額 | B21: — | C21: =計算入力!F19 | D21: =計算入力!G19 | E21: =計算入力!F19+計算入力!G19 -> #VALUE!
A22: 売主負担 | B22: =計算入力!B11 | C22: =計算入力!H19 | D22: =計算入力!I19 | E22: =計算入力!H19+計算入力!I19 -> #VALUE!
A23: 買主負担 | B23: =計算入力!B12 | C23: =計算入力!J19 | D23: =計算入力!K19 | E23: =計算入力!J19+計算入力!K19 -> #VALUE!
A24: =" ◆ "&計算入力!A24 -> ◆ 建物①
A25: 年税額 | B25: — | C25: =計算入力!F24 | D25: =計算入力!G24 | E25: =計算入力!F24+計算入力!G24 -> #VALUE!
A26: 売主負担 | B26: =計算入力!B11 | C26: =計算入力!H24 | D26: =計算入力!I24 | E26: =計算入力!H24+計算入力!I24 -> #VALUE!
A27: 買主負担 | B27: =計算入力!B12 | C27: =計算入力!J24 | D27: =計算入力!K24 | E27: =計算入力!J24+計算入力!K24 -> #VALUE!
A28: =" ◆ "&計算入力!A25 -> ◆ 建物②
A29: 年税額 | B29: — | C29: =計算入力!F25 | D29: =計算入力!G25 | E29: =計算入力!F25+計算入力!G25 -> #VALUE!
A30: 売主負担 | B30: =計算入力!B11 | C30: =計算入力!H25 | D30: =計算入力!I25 | E30: =計算入力!H25+計算入力!I25 -> #VALUE!
A31: 買主負担 | B31: =計算入力!B12 | C31: =計算入力!J25 | D31: =計算入力!K25 | E31: =計算入力!J25+計算入力!K25 -> #VALUE!
A32: =" ◆ "&計算入力!A26 -> ◆ 建物③
A33: 年税額 | B33: — | C33: =計算入力!F26 | D33: =計算入力!G26 | E33: =計算入力!F26+計算入力!G26 -> #VALUE!
A34: 売主負担 | B34: =計算入力!B11 | C34: =計算入力!H26 | D34: =計算入力!I26 | E34: =計算入力!H26+計算入力!I26 -> #VALUE!
A35: 買主負担 | B35: =計算入力!B12 | C35: =計算入力!J26 | D35: =計算入力!K26 | E35: =計算入力!J26+計算入力!K26 -> #VALUE!
A37: 精算合計（土地＋建物）
A38: 売主負担合計 | B38: 売主のご受取額 | C38: =計算入力!H20+計算入力!H27 -> 0 | D38: =計算入力!I20+計算入力!I27 -> 0 | E38: =計算入力!H20+計算入力!H27+計算入力!I20+計算入力!I27 -> 0
A39: 買主負担合計 | B39: ← お支払額 | C39: =計算入力!J20+計算入力!J27 -> 0 | D39: =計算入力!K20+計算入力!K27 -> 0 | E39: =計算入力!J20+計算入力!J27+計算入力!K20+計算入力!K27 -> 0
A41: 精算金（お支払い） | E41: =計算入力!J20+計算入力!J27+計算入力!K20+計算入力!K27 -> 0
A43: 起算日：1月1日 ｜ 引渡日の負担：買主負担 ｜ 端数処理：四捨五入
